USE ecommerce;

-- child tables first
DELETE FROM Review;
DELETE FROM OrderItem;
DELETE FROM `Order`;
DELETE FROM Inventory;
DELETE FROM PhysicalProduct;
DELETE FROM DigitalProduct;
-- parent tables
DELETE FROM Product;
DELETE FROM User;
DELETE FROM Warehouse;
DELETE FROM Category;

-- CATEGORY
INSERT INTO Category (CategoryID, Name, Description) VALUES
(1, 'Electronics', 'Computers, phones, and consumer electronics'),
(2, 'Books', 'Physical and digital books across all genres'),
(3, 'Clothing', 'Apparel and accessories for men and women'),
(4, 'Home & Garden', 'Home furnishings, tools, and garden supplies'),
(5, 'Sports & Outdoors', 'Equipment and gear for sports and outdoor activities'),
(6, 'Beauty & Health', 'Skincare, vitamins, and personal care products'),
(7, 'Toys & Games', 'Toys, board games, and puzzles for all ages'),
(8, 'Automotive', 'Car accessories, tools, and replacement parts'),
(9, 'Music', 'Instruments, accessories, and digital audio'),
(10, 'Office Supplies', 'Stationery, furniture, and workspace accessories');

-- USER
INSERT INTO User (UserID, Email, PasswordHash, Name, LastLoginDate) VALUES
(1, 'alice.johnson@gmail.com', '$2b$12$placeholder_hash_value', 'Alice Johnson', '2024-05-10 09:23:00'),
(2, 'bob.martinez@outlook.com', '$2b$12$placeholder_hash_value', 'Bob Martinez', '2024-05-11 14:05:00'),
(3, 'carol.white@yahoo.com', '$2b$12$placeholder_hash_value', 'Carol White', '2024-05-09 18:30:00'),
(4, 'david.chen@gmail.com', '$2b$12$placeholder_hash_value', 'David Chen', '2024-05-12 07:15:00'),
(5, 'emma.davis@icloud.com', '$2b$12$placeholder_hash_value', 'Emma Davis', '2024-05-08 11:45:00'),
(6, 'frank.wilson@hotmail.com', '$2b$12$placeholder_hash_value', 'Frank Wilson', '2024-05-07 16:20:00'),
(7, 'grace.lee@gmail.com', '$2b$12$placeholder_hash_value', 'Grace Lee', '2024-05-12 10:00:00'),
(8, 'henry.brown@outlook.com', '$2b$12$placeholder_hash_value', 'Henry Brown', '2024-05-06 13:30:00'),
(9, 'isabella.taylor@gmail.com', '$2b$12$placeholder_hash_value', 'Isabella Taylor', '2024-05-11 20:00:00'),
(10, 'james.anderson@yahoo.com', '$2b$12$placeholder_hash_value', 'James Anderson', '2024-05-10 08:45:00'),
(11, 'katherine.moore@gmail.com', '$2b$12$placeholder_hash_value', 'Katherine Moore', '2024-04-28 11:00:00'),
(12, 'liam.jackson@outlook.com', '$2b$12$placeholder_hash_value', 'Liam Jackson', '2024-04-30 15:45:00'),
(13, 'mia.harris@gmail.com', '$2b$12$placeholder_hash_value', 'Mia Harris', '2024-05-01 09:10:00'),
(14, 'noah.thompson@yahoo.com', '$2b$12$placeholder_hash_value', 'Noah Thompson', '2024-05-03 17:30:00'),
(15, 'olivia.garcia@icloud.com', '$2b$12$placeholder_hash_value', 'Olivia Garcia', '2024-05-04 08:00:00'),
(16, 'peter.martinez@gmail.com', '$2b$12$placeholder_hash_value', 'Peter Martinez', '2024-04-25 12:20:00'),
(17, 'quinn.robinson@hotmail.com', '$2b$12$placeholder_hash_value', 'Quinn Robinson', '2024-05-02 19:45:00'),
(18, 'rachel.clark@gmail.com', '$2b$12$placeholder_hash_value', 'Rachel Clark', '2024-04-22 10:30:00'),
(19, 'samuel.rodriguez@outlook.com', '$2b$12$placeholder_hash_value', 'Samuel Rodriguez', '2024-05-05 14:15:00'),
(20, 'tina.lewis@yahoo.com', '$2b$12$placeholder_hash_value', 'Tina Lewis', '2024-04-18 16:00:00'),
(21, 'ursula.walker@gmail.com', '$2b$12$placeholder_hash_value', 'Ursula Walker', '2024-04-15 08:45:00'),
(22, 'victor.hall@icloud.com', '$2b$12$placeholder_hash_value', 'Victor Hall', '2024-04-20 11:30:00'),
(23, 'wendy.allen@gmail.com', '$2b$12$placeholder_hash_value', 'Wendy Allen', '2024-04-12 09:00:00'),
(24, 'xavier.young@outlook.com', '$2b$12$placeholder_hash_value', 'Xavier Young', '2024-04-10 13:45:00'),
(25, 'yara.hernandez@yahoo.com', '$2b$12$placeholder_hash_value', 'Yara Hernandez', '2024-04-08 17:20:00'),
(26, 'zane.king@gmail.com', '$2b$12$placeholder_hash_value', 'Zane King', '2024-03-30 10:00:00'),
(27, 'amber.wright@hotmail.com', '$2b$12$placeholder_hash_value', 'Amber Wright', '2024-03-25 15:30:00'),
(28, 'brian.scott@gmail.com', '$2b$12$placeholder_hash_value', 'Brian Scott', '2024-03-20 09:15:00'),
(29, 'chloe.green@outlook.com', '$2b$12$placeholder_hash_value', 'Chloe Green', '2024-03-15 11:45:00'),
(30, 'derek.adams@yahoo.com', '$2b$12$placeholder_hash_value', 'Derek Adams', '2024-03-10 14:00:00');

-- PRODUCT
INSERT INTO Product (ProductID, CategoryID, Name, Description, Price, SKU) VALUES
(1, 1, 'MacBook Pro 14-inch', 'Apple M3 Pro, 18GB RAM, 512GB SSD', 1999.99, 'SKU-ELEC-001'),
(2, 1, 'Sony WH-1000XM5 Headphones', 'Industry-leading noise-cancelling wireless headphones', 349.99, 'SKU-ELEC-002'),
(3, 1, 'Samsung 65-inch QLED TV', '4K QLED Smart TV with Quantum HDR', 1299.99, 'SKU-ELEC-003'),
(4, 1, 'iPhone 15 Pro', '6.1-inch Super Retina XDR, 256GB, Titanium', 1199.99, 'SKU-ELEC-004'),
(5, 1, 'Logitech MX Master 3S Mouse', 'Advanced wireless mouse with ultra-fast scrolling', 99.99, 'SKU-ELEC-005'),
(6, 1, 'Dell 27-inch 4K Monitor', 'IPS panel, USB-C, 60Hz, factory calibrated', 549.99, 'SKU-ELEC-006'),
(7, 1, 'Anker 65W USB-C Charger', 'Compact GaN charger, 3-port', 45.99, 'SKU-ELEC-007'),
(8, 1, 'Adobe Photoshop 1-Year License', 'Full Creative Cloud Photography plan, 1 year', 239.99, 'SKU-ELEC-008'),
(9, 1, 'Microsoft Office 365 Personal', '1-year subscription for 1 user', 99.99, 'SKU-ELEC-009'),
(10, 2, 'Python Crash Course (eBook)', '3rd Ed. — Project-based intro to Python', 29.99, 'SKU-BOOK-001'),
(11, 2, 'Clean Code (eBook)', 'A Handbook of Agile Software Craftsmanship', 24.99, 'SKU-BOOK-002'),
(12, 2, 'The Great Gatsby (eBook)', 'F. Scott Fitzgerald classic novel', 9.99, 'SKU-BOOK-003'),
(13, 2, 'Atomic Habits (eBook)', 'An Easy and Proven Way to Build Good Habits', 16.99, 'SKU-BOOK-004'),
(14, 2, 'Designing Data-Intensive Apps', 'eBook — Principles of scalable data systems', 49.99, 'SKU-BOOK-005'),
(15, 2, 'The Pragmatic Programmer (eBook)', 'Your Journey to Mastery, 20th Anniversary Ed.', 39.99, 'SKU-BOOK-006'),
(16, 3, 'Classic Cotton T-Shirt', 'Unisex 100% organic cotton tee, 6 colors', 19.99, 'SKU-CLTH-001'),
(17, 3, 'Slim Fit Denim Jeans', 'Stretch denim, available in 5 washes', 59.99, 'SKU-CLTH-002'),
(18, 3, 'Waterproof Rain Jacket', 'Lightweight packable rain jacket, 3 colors', 89.99, 'SKU-CLTH-003'),
(19, 3, 'Merino Wool Sweater', '100% merino, mid-weight, crew neck', 79.99, 'SKU-CLTH-004'),
(20, 3, 'Compression Running Shorts', '4-inch inseam, moisture-wicking, 3 pockets', 34.99, 'SKU-CLTH-005'),
(21, 4, 'Cast Iron Skillet 12-inch', 'Pre-seasoned cast iron, oven-safe to 500 F', 49.99, 'SKU-HOME-001'),
(22, 4, 'Expandable Garden Hose 50ft', 'Lightweight kink-free expandable hose', 34.99, 'SKU-HOME-002'),
(23, 4, 'Robot Vacuum Cleaner', '2700Pa suction, LiDAR navigation, auto-empty base', 399.99, 'SKU-HOME-003'),
(24, 4, 'Bamboo Cutting Board Set', '3-piece set with juice groove', 29.99, 'SKU-HOME-004'),
(25, 4, 'Stainless Steel Water Bottle', '32oz, double-wall insulated, leak-proof', 24.99, 'SKU-HOME-005'),
(26, 5, 'Mens Trail Running Shoes', 'Lightweight with aggressive outsole for trail runs', 89.99, 'SKU-SPRT-001'),
(27, 5, 'Yoga for Beginners (Course)', '6-hour video course, 30 guided sessions', 39.99, 'SKU-SPRT-002'),
(28, 5, 'Adjustable Dumbbell Set 5-50lb', 'Space-saving dial-adjust dumbbells, pair', 299.99, 'SKU-SPRT-003'),
(29, 5, 'Foam Roller 36-inch', 'High-density EPP foam, textured surface', 29.99, 'SKU-SPRT-004'),
(30, 6, 'Vitamin C Serum 20%', 'Brightening face serum with hyaluronic acid', 28.99, 'SKU-BEAU-001'),
(31, 6, 'Electric Toothbrush Pro', 'Sonic technology, 5 modes, 60-day battery', 79.99, 'SKU-BEAU-002'),
(32, 6, 'Collagen Peptides Powder', 'Unflavored, grass-fed, 20g protein per serving', 34.99, 'SKU-BEAU-003'),
(33, 7, 'LEGO Architecture Eiffel Tower', '1,002 pieces, display model', 119.99, 'SKU-TOYS-001'),
(34, 7, 'Catan Board Game', 'Classic resource-trading strategy game, 3-4 players', 44.99, 'SKU-TOYS-002'),
(35, 7, 'Remote Control Car 4WD', '1:16 scale, 40 km/h, off-road RC truck', 69.99, 'SKU-TOYS-003'),
(36, 8, 'Dash Cam 4K Front and Rear', '4K+1080p dual lens, night vision, GPS', 129.99, 'SKU-AUTO-001'),
(37, 8, 'Car Vacuum Cleaner Cordless', '15Kpa suction, 25-min runtime, HEPA filter', 49.99, 'SKU-AUTO-002'),
(38, 8, 'Tire Inflator Portable', 'Digital, 150 PSI, auto shut-off', 39.99, 'SKU-AUTO-003'),
(39, 9, 'Acoustic Guitar Starter Pack', 'Full-size spruce top, includes bag, tuner, picks', 149.99, 'SKU-MUSC-001'),
(40, 9, 'MIDI Keyboard 49-Key', 'Semi-weighted, USB-C, DAW integration', 119.99, 'SKU-MUSC-002'),
(41, 9, 'Music Production Masterclass', 'Digital course — beat making, mixing, mastering', 59.99, 'SKU-MUSC-003'),
(42, 10, 'Ergonomic Mesh Office Chair', 'Lumbar support, adjustable armrests, 300lb capacity', 249.99, 'SKU-OFFC-001'),
(43, 10, 'Standing Desk 60-inch', 'Electric height-adjustable, dual motor, memory presets', 449.99, 'SKU-OFFC-002'),
(44, 10, 'Wireless Keyboard and Mouse Combo', 'Slim, quiet keys, 3-device Bluetooth', 49.99, 'SKU-OFFC-003'),
(45, 10, 'Monitor Arm Dual', 'Full motion, VESA 75/100, clamp mount', 79.99, 'SKU-OFFC-004');

-- PHYSICALPRODUCT
INSERT INTO PhysicalProduct (ProductID, Weight, Dimensions, ShippingClass) VALUES
(1, 1.6, '31.2x22.1x1.6 cm', 'Standard'),
(2, 0.25, '19.3x16.5x7.3 cm', 'Standard'),
(3, 22.2, '145x83.6x3.1 cm', 'Freight'),
(4, 0.187, '14.7x7.1x0.8 cm', 'Standard'),
(5, 0.141, '12.4x8.5x4.3 cm', 'Standard'),
(6, 7.3, '61.4x37.8x5.2 cm', 'Standard'),
(7, 0.162, '7.2x7.2x2.9 cm', 'Standard'),
(16, 0.18, '35.0x28.0x1.0 cm', 'Standard'),
(17, 0.62, '40.0x30.0x5.0 cm', 'Standard'),
(18, 0.45, '38.0x28.0x3.0 cm', 'Standard'),
(19, 0.39, '36.0x27.0x3.5 cm', 'Standard'),
(20, 0.13, '28.0x18.0x1.0 cm', 'Standard'),
(21, 3.628, '33.0x33.0x5.5 cm', 'Heavy'),
(22, 0.68, '45.0x10.0x10.0 cm', 'Standard'),
(23, 3.8, '35.0x35.0x10.0 cm', 'Standard'),
(24, 1.2, '45.0x30.0x4.0 cm', 'Standard'),
(25, 0.45, '26.0x7.5x7.5 cm', 'Standard'),
(26, 0.31, '32.0x22.0x12.0 cm', 'Standard'),
(28, 29.5, '36.0x36.0x22.0 cm', 'Freight'),
(29, 0.86, '91.4x15.2x15.2 cm', 'Standard'),
(30, 0.06, '10.0x3.5x3.5 cm', 'Standard'),
(31, 0.19, '22.5x7.5x7.5 cm', 'Standard'),
(32, 0.567, '18.0x9.0x9.0 cm', 'Standard'),
(33, 1.49, '38.0x26.0x7.0 cm', 'Standard'),
(34, 1.1, '29.5x29.5x5.0 cm', 'Standard'),
(35, 1.7, '48.0x25.0x22.0 cm', 'Standard'),
(36, 0.21, '12.0x8.5x5.0 cm', 'Standard'),
(37, 0.55, '38.0x12.0x12.0 cm', 'Standard'),
(38, 0.68, '22.0x12.0x8.0 cm', 'Standard'),
(39, 2.95, '110x43.0x15.0 cm', 'Freight'),
(40, 1.1, '78.0x24.0x8.0 cm', 'Standard'),
(42, 16.0, '68.0x65.0x15.0 cm', 'Freight'),
(43, 42.0, '152x76.0x8.0 cm', 'Freight'),
(44, 0.38, '44.0x18.0x3.0 cm', 'Standard'),
(45, 1.9, '52.0x14.0x10.0 cm', 'Standard');

-- DIGITALPRODUCT
INSERT INTO DigitalProduct (ProductID, DownloadURL, FileSize, LicenseType) VALUES
(8, 'https://downloads.adobe.com/photoshop-2024', NULL, 'Single-User Annual'),
(9, 'https://setup.office.com/activate/365-personal', NULL, 'Single-User Annual'),
(10, 'https://cdn.nostarch.com/pythoncrashcourse3e.epub', 8388608, 'Single-User Perpetual'),
(11, 'https://cdn.oreilly.com/cleancode.epub', 5242880, 'Single-User Perpetual'),
(12, 'https://cdn.gutenberg.org/ebooks/gatsby.epub', 1048576, 'Single-User Perpetual'),
(13, 'https://cdn.atomichabits.com/book.epub', 4194304, 'Single-User Perpetual'),
(14, 'https://cdn.oreilly.com/ddia.epub', 9437184, 'Single-User Perpetual'),
(15, 'https://cdn.pragprog.com/pragprog.epub', 7340032, 'Single-User Perpetual'),
(27, 'https://cdn.yogamaster.com/beginners-hd.zip', 4294967296, 'Single-User Perpetual'),
(41, 'https://cdn.producerlab.com/masterclass.zip', 10737418240, 'Single-User Perpetual');

-- WAREHOUSE
INSERT INTO Warehouse (WarehouseID, WarehouseLocation) VALUES
(1, 'Dallas, TX'),
(2, 'Chicago, IL'),
(3, 'Los Angeles, CA'),
(4, 'Atlanta, GA'),
(5, 'Seattle, WA');

-- INVENTORY
INSERT INTO Inventory (ProductID, WarehouseID, Quantity, LastRestocked) VALUES
(1, 1, 45, '2024-04-20'),
(2, 2, 120, '2024-04-15'),
(3, 3, 18, '2024-03-30'),
(4, 1, 75, '2024-04-22'),
(5, 2, 200, '2024-05-01'),
(6, 3, 32, '2024-04-10'),
(7, 4, 500, '2024-05-05'),
(16, 1, 300, '2024-05-01'),
(17, 1, 175, '2024-04-28'),
(18, 2, 90, '2024-04-10'),
(19, 5, 110, '2024-04-18'),
(20, 4, 250, '2024-05-03'),
(21, 3, 65, '2024-04-05'),
(22, 2, 200, '2024-05-03'),
(23, 4, 28, '2024-04-01'),
(24, 1, 180, '2024-04-25'),
(25, 5, 320, '2024-05-06'),
(26, 1, 55, '2024-04-25'),
(28, 3, 40, '2024-04-12'),
(29, 2, 150, '2024-05-02'),
(30, 4, 400, '2024-05-08'),
(31, 5, 85, '2024-04-30'),
(32, 1, 220, '2024-05-07'),
(33, 2, 60, '2024-04-08'),
(34, 3, 95, '2024-04-20'),
(35, 4, 48, '2024-03-28'),
(36, 5, 130, '2024-04-14'),
(37, 1, 190, '2024-05-04'),
(38, 2, 275, '2024-05-09'),
(39, 3, 35, '2024-03-15'),
(40, 4, 50, '2024-04-03'),
(42, 5, 22, '2024-03-20'),
(43, 1, 15, '2024-03-10'),
(44, 2, 310, '2024-05-02'),
(45, 3, 88, '2024-04-16');

-- ORDER
INSERT INTO `Order` (OrderID, UserID, OrderDate, Status, Amount) VALUES
(1, 1, '2023-11-15', 'Delivered', 2349.98),
(2, 2, '2023-11-20', 'Delivered', 349.99),
(3, 3, '2023-12-01', 'Delivered', 54.98),
(4, 4, '2023-12-10', 'Delivered', 1299.99),
(5, 5, '2023-12-18', 'Delivered', 119.97),
(6, 6, '2024-01-05', 'Delivered', 229.97),
(7, 7, '2024-01-12', 'Delivered', 89.99),
(8, 8, '2024-01-20', 'Delivered', 239.99),
(9, 9, '2024-01-28', 'Delivered', 79.97),
(10, 10, '2024-02-03', 'Delivered', 84.98),
(11, 11, '2024-02-10', 'Delivered', 99.99),
(12, 12, '2024-02-14', 'Delivered', 449.99),
(13, 13, '2024-02-20', 'Delivered', 299.99),
(14, 14, '2024-02-25', 'Delivered', 129.99),
(15, 15, '2024-03-02', 'Delivered', 169.98),
(16, 16, '2024-03-08', 'Delivered', 249.99),
(17, 17, '2024-03-15', 'Delivered', 74.97),
(18, 18, '2024-03-20', 'Delivered', 399.99),
(19, 19, '2024-03-26', 'Delivered', 119.99),
(20, 20, '2024-04-01', 'Delivered', 54.98),
(21, 21, '2024-04-05', 'Delivered', 149.99),
(22, 22, '2024-04-09', 'Delivered', 549.99),
(23, 23, '2024-04-13', 'Shipped', 189.96),
(24, 24, '2024-04-17', 'Shipped', 449.99),
(25, 25, '2024-04-20', 'Shipped', 108.98),
(26, 26, '2024-04-23', 'Shipped', 119.99),
(27, 27, '2024-04-26', 'Processing', 329.98),
(28, 28, '2024-04-29', 'Processing', 79.98),
(29, 29, '2024-05-02', 'Processing', 59.99),
(30, 30, '2024-05-04', 'Processing', 1199.99),
(31, 1, '2024-05-06', 'Processing', 249.99),
(32, 3, '2024-05-07', 'Pending', 449.99),
(33, 5, '2024-05-08', 'Pending', 299.99),
(34, 7, '2024-05-09', 'Pending', 149.99),
(35, 9, '2024-05-10', 'Pending', 89.98),
(36, 11, '2024-05-11', 'Pending', 119.99);

-- ORDERITEM
INSERT INTO OrderItem (OrderID, ProductID, Quantity, UnitPriceAtSale) VALUES
(1, 1, 1, 1999.99),
(1, 2, 1, 349.99),
(2, 2, 1, 349.99),
(3, 10, 1, 29.99),
(3, 11, 1, 24.99),
(4, 3, 1, 1299.99),
(5, 16, 2, 19.99),
(5, 18, 1, 79.99),
(6, 18, 1, 89.99),
(6, 26, 1, 89.99),
(6, 21, 1, 49.99),
(7, 26, 1, 89.99),
(8, 8, 1, 239.99),
(9, 12, 1, 9.99),
(9, 10, 1, 29.99),
(9, 27, 1, 39.99),
(10, 22, 1, 34.99),
(10, 21, 1, 49.99),
(11, 9, 1, 99.99),
(12, 43, 1, 449.99),
(13, 28, 1, 299.99),
(14, 36, 1, 129.99),
(15, 19, 1, 79.99),
(15, 17, 1, 59.99),
(15, 16, 1, 29.99),
(16, 42, 1, 249.99),
(17, 13, 1, 16.99),
(17, 12, 1, 9.99),
(17, 11, 1, 24.99),
(17, 27, 1, 22.99),
(18, 23, 1, 399.99),
(19, 39, 1, 119.99),
(20, 25, 1, 24.99),
(20, 24, 1, 29.99),
(21, 33, 1, 149.99),
(22, 6, 1, 549.99),
(23, 20, 2, 34.99),
(23, 26, 1, 89.99),
(23, 29, 1, 29.99),
(24, 43, 1, 449.99),
(25, 30, 1, 28.99),
(25, 31, 1, 79.99),
(26, 40, 1, 119.99),
(27, 28, 1, 299.99),
(27, 29, 1, 29.99),
(28, 37, 1, 49.99),
(28, 38, 1, 29.99),
(29, 41, 1, 59.99),
(30, 4, 1, 1199.99),
(31, 42, 1, 249.99),
(32, 43, 1, 449.99),
(33, 28, 1, 299.99),
(34, 33, 1, 119.99),
(34, 34, 1, 29.99),
(35, 14, 1, 49.99),
(35, 15, 1, 39.99),
(36, 39, 1, 119.99);

-- REVIEW
INSERT INTO Review (UserID, ProductID, Rating, Text, ReviewDate) VALUES
(1, 1, 5, 'Blazing fast MacBook. Best laptop I have ever owned. Battery lasts all day.', '2023-12-01'),
(1, 2, 4, 'Noise cancelling is phenomenal. Slightly tight after long sessions.', '2023-12-02'),
(2, 2, 5, 'Best headphones period. Worth every single penny.', '2023-12-05'),
(3, 10, 5, 'Perfect for beginners. Clear writing and genuinely fun projects.', '2023-12-15'),
(3, 11, 5, 'Changed the way I think about software entirely. A must-read.', '2023-12-16'),
(4, 3, 4, 'Picture quality is jaw-dropping. Initial setup took some time.', '2023-12-22'),
(5, 16, 3, 'Good quality fabric but runs a full size small. Order up.', '2024-01-10'),
(5, 18, 5, 'Kept me dry in a full downpour. Packs down to almost nothing.', '2024-01-12'),
(6, 18, 5, 'Perfect rain jacket. Lightweight and genuinely waterproof.', '2024-01-20'),
(6, 26, 4, 'Excellent trail grip. A little stiff at first but broke in quickly.', '2024-01-22'),
(6, 21, 5, 'Heats so evenly. Cast iron is the only way to cook steak.', '2024-01-23'),
(7, 26, 5, 'These shoes transformed my trail runs. Light, grippy, and very comfortable.', '2024-01-28'),
(8, 8, 4, 'Powerful software. Subscription pricing is frustrating but tools are unmatched.', '2024-02-05'),
(9, 12, 4, 'A classic. Easy read and worth revisiting every few years.', '2024-02-10'),
(9, 10, 5, 'Best programming book for beginners. Projects are genuinely engaging.', '2024-02-11'),
(9, 27, 5, 'Excellent course. Instructor is calm, clear, and perfectly paced.', '2024-02-12'),
(10, 22, 3, 'Expands nicely but the connector started leaking after two weeks.', '2024-02-20'),
(10, 21, 5, 'Absolute kitchen staple. Seasons beautifully and just gets better.', '2024-02-21'),
(11, 9, 4, 'Does everything I need. Subscription renewal was smoother than expected.', '2024-02-28'),
(12, 43, 5, 'Standing desk is a game changer. Solid build, super quiet motor.', '2024-03-01'),
(13, 28, 5, 'Space-saving and incredibly sturdy. Replaced an entire rack of weights.', '2024-03-08'),
(14, 36, 4, 'Video quality is excellent day and night. GPS feature works great.', '2024-03-10'),
(15, 19, 4, 'Incredibly soft merino wool. True to size and worth the price.', '2024-03-15'),
(15, 17, 4, 'Great stretch and perfect fit. Color is exactly as shown.', '2024-03-16'),
(16, 42, 5, 'My back has never felt better. Lumbar support is genuinely adjustable.', '2024-03-20'),
(17, 13, 5, 'Atomic Habits is the most practical self-help book I have read. Instant classic.', '2024-03-28'),
(18, 23, 4, 'Impressive suction and the LiDAR mapping is surprisingly accurate.', '2024-04-02'),
(19, 39, 5, 'Great starter pack. Guitar stays in tune and the bag is solid quality.', '2024-04-08'),
(20, 25, 4, 'Keeps drinks cold for 24 hours. Lid is completely leak-proof.', '2024-04-10'),
(20, 24, 3, 'Nice wood quality but the smallest board warped after washing.', '2024-04-11'),
(21, 33, 5, 'Incredibly detailed build. Took two evenings and it looks stunning on the shelf.', '2024-04-14'),
(22, 6, 5, 'Best monitor I have used. Colors are incredibly accurate right out of the box.', '2024-04-18'),
(23, 26, 5, 'Bought these for a half marathon trail race. Zero blisters, great grip.', '2024-04-22'),
(23, 29, 4, 'Firm enough to actually do something. Great for post-run recovery.', '2024-04-23'),
(25, 30, 5, 'Skin looks brighter within two weeks. Lightweight and absorbs fast.', '2024-04-28'),
(25, 31, 4, 'Excellent brush. Two-minute timer is a nice touch. Battery lasts forever.', '2024-04-29'),
(26, 40, 5, 'Responsive keys and the build quality feels premium. USB-C is a huge plus.', '2024-05-02'),
(27, 28, 5, 'Replaced my entire home gym setup. Adjustment mechanism is smooth and fast.', '2024-05-04'),
(27, 29, 4, 'Does the job well. Texture pattern really gets into tight spots.', '2024-05-05'),
(28, 37, 4, 'Surprisingly powerful for a cordless. Gets the car spotless in minutes.', '2024-05-06'),
(28, 38, 5, 'Auto shut-off works perfectly. Inflated four tires in under five minutes.', '2024-05-07'),
(29, 41, 5, 'Incredibly thorough course. Went from zero to releasing my first track.', '2024-05-08'),
(30, 4, 5, 'Worth every dollar. The iPhone camera system alone justifies the upgrade.', '2024-05-09'),
(17, 12, 4, 'Timeless story. The annotations in this edition add great context.', '2024-04-01'),
(4, 14, 5, 'Dense but worth it. Every software engineer should read this book.', '2024-05-10');
